EstudianteID,Nombre,FechaIngreso,Genero,Ciudad
1,Estudiante_1,2022-01-15,F,Tarija
2,Estudiante_2,2022-01-15,M,Tarija
3,Estudiante_3,2022-01-15,F,Tarija
4,Estudiante_4,2022-01-15,M,Tarija
5,Estudiante_5,2022-01-15,F,Tarija
6,Estudiante_6,2022-01-15,M,Tarija
7,Estudiante_7,2022-01-15,F,Tarija
8,Estudiante_8,2022-01-15,M,Tarija
9,Estudiante_9,2022-01-15,F,Tarija
10,Estudiante_10,2022-01-15,M,Tarija
11,Estudiante_11,2022-01-15,F,Tarija
12,Estudiante_12,2022-01-15,M,Tarija
13,Estudiante_13,2022-01-15,F,Tarija
14,Estudiante_14,2022-01-15,M,Tarija
15,Estudiante_15,2022-01-15,F,Tarija
16,Estudiante_16,2022-01-15,M,Tarija
17,Estudiante_17,2022-01-15,F,Tarija
18,Estudiante_18,2022-01-15,M,Tarija
19,Estudiante_19,2022-01-15,F,Tarija
20,Estudiante_20,2022-01-15,M,Tarija
21,Estudiante_21,2022-01-15,F,Tarija
22,Estudiante_22,2022-01-15,M,Tarija
23,Estudiante_23,2022-01-15,F,Tarija
24,Estudiante_24,2022-01-15,M,Tarija
25,Estudiante_25,2022-01-15,F,Tarija
26,Estudiante_26,2022-01-15,M,Tarija
27,Estudiante_27,2022-01-15,F,Tarija
28,Estudiante_28,2022-01-15,M,Tarija
29,Estudiante_29,2022-01-15,F,Tarija
30,Estudiante_30,2022-01-15,M,Tarija
31,Estudiante_31,2022-01-15,F,Tarija
32,Estudiante_32,2022-01-15,M,Tarija
33,Estudiante_33,2022-01-15,F,Tarija
34,Estudiante_34,2022-01-15,M,Tarija
35,Estudiante_35,2022-01-15,F,Tarija
36,Estudiante_36,2022-01-15,M,Tarija
37,Estudiante_37,2022-01-15,F,Tarija
38,Estudiante_38,2022-01-15,M,Tarija
39,Estudiante_39,2022-01-15,F,Tarija
40,Estudiante_40,2022-01-15,M,Tarija
41,Estudiante_41,2022-01-15,F,Tarija
42,Estudiante_42,2022-01-15,M,Tarija
43,Estudiante_43,2022-01-15,F,Tarija
44,Estudiante_44,2022-01-15,M,Tarija
45,Estudiante_45,2022-01-15,F,Tarija
46,Estudiante_46,2022-01-15,M,Tarija
47,Estudiante_47,2022-01-15,F,Tarija
48,Estudiante_48,2022-01-15,M,Tarija
49,Estudiante_49,2022-01-15,F,Tarija
50,Estudiante_50,2022-01-15,M,Tarija
51,Estudiante_51,2022-01-15,F,Tarija
52,Estudiante_52,2022-01-15,M,Tarija
53,Estudiante_53,2022-01-15,F,Tarija
54,Estudiante_54,2022-01-15,M,Tarija
55,Estudiante_55,2022-01-15,F,Tarija
56,Estudiante_56,2022-01-15,M,Tarija
57,Estudiante_57,2022-01-15,F,Tarija
58,Estudiante_58,2022-01-15,M,Tarija
59,Estudiante_59,2022-01-15,F,Tarija
60,Estudiante_60,2022-01-15,M,Tarija
61,Estudiante_61,2022-01-15,F,Tarija
62,Estudiante_62,2022-01-15,M,Tarija
63,Estudiante_63,2022-01-15,F,Tarija
64,Estudiante_64,2022-01-15,M,Tarija
65,Estudiante_65,2022-01-15,F,Tarija
66,Estudiante_66,2022-01-15,M,Tarija
67,Estudiante_67,2022-01-15,F,Tarija
68,Estudiante_68,2022-01-15,M,Tarija
69,Estudiante_69,2022-01-15,F,Tarija
70,Estudiante_70,2022-01-15,M,Tarija
71,Estudiante_71,2022-01-15,F,Tarija
72,Estudiante_72,2022-01-15,M,Tarija
73,Estudiante_73,2022-01-15,F,Tarija
74,Estudiante_74,2022-01-15,M,Tarija
75,Estudiante_75,2022-01-15,F,Tarija
76,Estudiante_76,2022-01-15,M,Tarija
77,Estudiante_77,2022-01-15,F,Tarija
78,Estudiante_78,2022-01-15,M,Tarija
79,Estudiante_79,2022-01-15,F,Tarija
80,Estudiante_80,2022-01-15,M,Tarija
81,Estudiante_81,2022-01-15,F,Tarija
82,Estudiante_82,2022-01-15,M,Tarija
83,Estudiante_83,2022-01-15,F,Tarija
84,Estudiante_84,2022-01-15,M,Tarija
85,Estudiante_85,2022-01-15,F,Tarija
86,Estudiante_86,2022-01-15,M,Tarija
87,Estudiante_87,2022-01-15,F,Tarija
88,Estudiante_88,2022-01-15,M,Tarija
89,Estudiante_89,2022-01-15,F,Tarija
90,Estudiante_90,2022-01-15,M,Tarija
91,Estudiante_91,2022-01-15,F,Tarija
92,Estudiante_92,2022-01-15,M,Tarija
93,Estudiante_93,2022-01-15,F,Tarija
94,Estudiante_94,2022-01-15,M,Tarija
95,Estudiante_95,2022-01-15,F,Tarija
96,Estudiante_96,2022-01-15,M,Tarija
97,Estudiante_97,2022-01-15,F,Tarija
98,Estudiante_98,2022-01-15,M,Tarija
99,Estudiante_99,2022-01-15,F,Tarija
100,Estudiante_100,2022-01-15,M,Tarija
101,Estudiante_101,2022-01-15,F,Tarija
102,Estudiante_102,2022-01-15,M,Tarija
103,Estudiante_103,2022-01-15,F,Tarija
104,Estudiante_104,2022-01-15,M,Tarija
105,Estudiante_105,2022-01-15,F,Tarija
106,Estudiante_106,2022-01-15,M,Tarija
107,Estudiante_107,2022-01-15,F,Tarija
108,Estudiante_108,2022-01-15,M,Tarija
109,Estudiante_109,2022-01-15,F,Tarija
110,Estudiante_110,2022-01-15,M,Tarija
111,Estudiante_111,2022-01-15,F,Tarija
112,Estudiante_112,2022-01-15,M,Tarija
113,Estudiante_113,2022-01-15,F,Tarija
114,Estudiante_114,2022-01-15,M,Tarija
115,Estudiante_115,2022-01-15,F,Tarija
116,Estudiante_116,2022-01-15,M,Tarija
117,Estudiante_117,2022-01-15,F,Tarija
118,Estudiante_118,2022-01-15,M,Tarija
119,Estudiante_119,2022-01-15,F,Tarija
120,Estudiante_120,2022-01-15,M,Tarija
121,Estudiante_121,2022-01-15,F,Tarija
122,Estudiante_122,2022-01-15,M,Tarija
123,Estudiante_123,2022-01-15,F,Tarija
124,Estudiante_124,2022-01-15,M,Tarija
125,Estudiante_125,2022-01-15,F,Tarija
126,Estudiante_126,2022-01-15,M,Tarija
127,Estudiante_127,2022-01-15,F,Tarija
128,Estudiante_128,2022-01-15,M,Tarija
129,Estudiante_129,2022-01-15,F,Tarija
130,Estudiante_130,2022-01-15,M,Tarija
131,Estudiante_131,2022-01-15,F,Tarija
132,Estudiante_132,2022-01-15,M,Tarija
133,Estudiante_133,2022-01-15,F,Tarija
134,Estudiante_134,2022-01-15,M,Tarija
135,Estudiante_135,2022-01-15,F,Tarija
136,Estudiante_136,2022-01-15,M,Tarija
137,Estudiante_137,2022-01-15,F,Tarija
138,Estudiante_138,2022-01-15,M,Tarija
139,Estudiante_139,2022-01-15,F,Tarija
140,Estudiante_140,2022-01-15,M,Tarija
141,Estudiante_141,2022-01-15,F,Tarija
142,Estudiante_142,2022-01-15,M,Tarija
143,Estudiante_143,2022-01-15,F,Tarija
144,Estudiante_144,2022-01-15,M,Tarija
145,Estudiante_145,2022-01-15,F,Tarija
146,Estudiante_146,2022-01-15,M,Tarija
147,Estudiante_147,2022-01-15,F,Tarija
148,Estudiante_148,2022-01-15,M,Tarija
149,Estudiante_149,2022-01-15,F,Tarija
150,Estudiante_150,2022-01-15,M,Tarija
151,Estudiante_151,2022-01-15,F,Tarija
152,Estudiante_152,2022-01-15,M,Tarija
153,Estudiante_153,2022-01-15,F,Tarija
154,Estudiante_154,2022-01-15,M,Tarija
155,Estudiante_155,2022-01-15,F,Tarija
156,Estudiante_156,2022-01-15,M,Tarija
157,Estudiante_157,2022-01-15,F,Tarija
158,Estudiante_158,2022-01-15,M,Tarija
159,Estudiante_159,2022-01-15,F,Tarija
160,Estudiante_160,2022-01-15,M,Tarija
161,Estudiante_161,2022-01-15,F,Tarija
162,Estudiante_162,2022-01-15,M,Tarija
163,Estudiante_163,2022-01-15,F,Tarija
164,Estudiante_164,2022-01-15,M,Tarija
165,Estudiante_165,2022-01-15,F,Tarija
166,Estudiante_166,2022-01-15,M,Tarija
167,Estudiante_167,2022-01-15,F,Tarija
168,Estudiante_168,2022-01-15,M,Tarija
169,Estudiante_169,2022-01-15,F,Tarija
170,Estudiante_170,2022-01-15,M,Tarija
171,Estudiante_171,2022-01-15,F,Tarija
172,Estudiante_172,2022-01-15,M,Tarija
173,Estudiante_173,2022-01-15,F,Tarija
174,Estudiante_174,2022-01-15,M,Tarija
175,Estudiante_175,2022-01-15,F,Tarija
176,Estudiante_176,2022-01-15,M,Tarija
177,Estudiante_177,2022-01-15,F,Tarija
178,Estudiante_178,2022-01-15,M,Tarija
179,Estudiante_179,2022-01-15,F,Tarija
180,Estudiante_180,2022-01-15,M,Tarija
181,Estudiante_181,2022-01-15,F,Tarija
182,Estudiante_182,2022-01-15,M,Tarija
183,Estudiante_183,2022-01-15,F,Tarija
184,Estudiante_184,2022-01-15,M,Tarija
185,Estudiante_185,2022-01-15,F,Tarija
186,Estudiante_186,2022-01-15,M,Tarija
187,Estudiante_187,2022-01-15,F,Tarija
188,Estudiante_188,2022-01-15,M,Tarija
189,Estudiante_189,2022-01-15,F,Tarija
190,Estudiante_190,2022-01-15,M,Tarija
191,Estudiante_191,2022-01-15,F,Tarija
192,Estudiante_192,2022-01-15,M,Tarija
193,Estudiante_193,2022-01-15,F,Tarija
194,Estudiante_194,2022-01-15,M,Tarija
195,Estudiante_195,2022-01-15,F,Tarija
196,Estudiante_196,2022-01-15,M,Tarija
197,Estudiante_197,2022-01-15,F,Tarija
198,Estudiante_198,2022-01-15,M,Tarija
199,Estudiante_199,2022-01-15,F,Tarija
200,Estudiante_200,2022-01-15,M,Tarija
201,Estudiante_201,2022-01-15,F,Tarija
202,Estudiante_202,2022-01-15,M,Tarija
203,Estudiante_203,2022-01-15,F,Tarija
204,Estudiante_204,2022-01-15,M,Tarija
205,Estudiante_205,2022-01-15,F,Tarija
206,Estudiante_206,2022-01-15,M,Tarija
207,Estudiante_207,2022-01-15,F,Tarija
208,Estudiante_208,2022-01-15,M,Tarija
209,Estudiante_209,2022-01-15,F,Tarija
210,Estudiante_210,2022-01-15,M,Tarija
211,Estudiante_211,2022-01-15,F,Tarija
212,Estudiante_212,2022-01-15,M,Tarija
213,Estudiante_213,2022-01-15,F,Tarija
214,Estudiante_214,2022-01-15,M,Tarija
215,Estudiante_215,2022-01-15,F,Tarija
216,Estudiante_216,2022-01-15,M,Tarija
217,Estudiante_217,2022-01-15,F,Tarija
218,Estudiante_218,2022-01-15,M,Tarija
219,Estudiante_219,2022-01-15,F,Tarija
220,Estudiante_220,2022-01-15,M,Tarija
221,Estudiante_221,2022-01-15,F,Tarija
222,Estudiante_222,2022-01-15,M,Tarija
223,Estudiante_223,2022-01-15,F,Tarija
224,Estudiante_224,2022-01-15,M,Tarija
225,Estudiante_225,2022-01-15,F,Tarija
226,Estudiante_226,2022-01-15,M,Tarija
227,Estudiante_227,2022-01-15,F,Tarija
228,Estudiante_228,2022-01-15,M,Tarija
229,Estudiante_229,2022-01-15,F,Tarija
230,Estudiante_230,2022-01-15,M,Tarija
231,Estudiante_231,2022-01-15,F,Tarija
232,Estudiante_232,2022-01-15,M,Tarija
233,Estudiante_233,2022-01-15,F,Tarija
234,Estudiante_234,2022-01-15,M,Tarija
235,Estudiante_235,2022-01-15,F,Tarija
236,Estudiante_236,2022-01-15,M,Tarija
237,Estudiante_237,2022-01-15,F,Tarija
238,Estudiante_238,2022-01-15,M,Tarija
239,Estudiante_239,2022-01-15,F,Tarija
240,Estudiante_240,2022-01-15,M,Tarija
241,Estudiante_241,2022-01-15,F,Tarija
242,Estudiante_242,2022-01-15,M,Tarija
243,Estudiante_243,2022-01-15,F,Tarija
244,Estudiante_244,2022-01-15,M,Tarija
245,Estudiante_245,2022-01-15,F,Tarija
246,Estudiante_246,2022-01-15,M,Tarija
247,Estudiante_247,2022-01-15,F,Tarija
248,Estudiante_248,2022-01-15,M,Tarija
249,Estudiante_249,2022-01-15,F,Tarija
250,Estudiante_250,2022-01-15,M,Tarija
251,Estudiante_251,2022-01-15,F,Tarija
252,Estudiante_252,2022-01-15,M,Tarija
253,Estudiante_253,2022-01-15,F,Tarija
254,Estudiante_254,2022-01-15,M,Tarija
255,Estudiante_255,2022-01-15,F,Tarija
256,Estudiante_256,2022-01-15,M,Tarija
257,Estudiante_257,2022-01-15,F,Tarija
258,Estudiante_258,2022-01-15,M,Tarija
259,Estudiante_259,2022-01-15,F,Tarija
260,Estudiante_260,2022-01-15,M,Tarija
261,Estudiante_261,2022-01-15,F,Tarija
262,Estudiante_262,2022-01-15,M,Tarija
263,Estudiante_263,2022-01-15,F,Tarija
264,Estudiante_264,2022-01-15,M,Tarija
265,Estudiante_265,2022-01-15,F,Tarija
266,Estudiante_266,2022-01-15,M,Tarija
267,Estudiante_267,2022-01-15,F,Tarija
268,Estudiante_268,2022-01-15,M,Tarija
269,Estudiante_269,2022-01-15,F,Tarija
270,Estudiante_270,2022-01-15,M,Tarija
271,Estudiante_271,2022-01-15,F,Tarija
272,Estudiante_272,2022-01-15,M,Tarija
273,Estudiante_273,2022-01-15,F,Tarija
274,Estudiante_274,2022-01-15,M,Tarija
275,Estudiante_275,2022-01-15,F,Tarija
276,Estudiante_276,2022-01-15,M,Tarija
277,Estudiante_277,2022-01-15,F,Tarija
278,Estudiante_278,2022-01-15,M,Tarija
279,Estudiante_279,2022-01-15,F,Tarija
280,Estudiante_280,2022-01-15,M,Tarija
281,Estudiante_281,2022-01-15,F,Tarija
282,Estudiante_282,2022-01-15,M,Tarija
283,Estudiante_283,2022-01-15,F,Tarija
284,Estudiante_284,2022-01-15,M,Tarija
285,Estudiante_285,2022-01-15,F,Tarija
286,Estudiante_286,2022-01-15,M,Tarija
287,Estudiante_287,2022-01-15,F,Tarija
288,Estudiante_288,2022-01-15,M,Tarija
289,Estudiante_289,2022-01-15,F,Tarija
290,Estudiante_290,2022-01-15,M,Tarija
291,Estudiante_291,2022-01-15,F,Tarija
292,Estudiante_292,2022-01-15,M,Tarija
293,Estudiante_293,2022-01-15,F,Tarija
294,Estudiante_294,2022-01-15,M,Tarija
295,Estudiante_295,2022-01-15,F,Tarija
296,Estudiante_296,2022-01-15,M,Tarija
297,Estudiante_297,2022-01-15,F,Tarija
298,Estudiante_298,2022-01-15,M,Tarija
299,Estudiante_299,2022-01-15,F,Tarija
300,Estudiante_300,2022-01-15,M,Tarija
301,Estudiante_301,2022-01-15,F,Tarija
302,Estudiante_302,2022-01-15,M,Tarija
303,Estudiante_303,2022-01-15,F,Tarija
304,Estudiante_304,2022-01-15,M,Tarija
305,Estudiante_305,2022-01-15,F,Tarija
306,Estudiante_306,2022-01-15,M,Tarija
307,Estudiante_307,2022-01-15,F,Tarija
308,Estudiante_308,2022-01-15,M,Tarija
309,Estudiante_309,2022-01-15,F,Tarija
310,Estudiante_310,2022-01-15,M,Tarija
311,Estudiante_311,2022-01-15,F,Tarija
312,Estudiante_312,2022-01-15,M,Tarija
313,Estudiante_313,2022-01-15,F,Tarija
314,Estudiante_314,2022-01-15,M,Tarija
315,Estudiante_315,2022-01-15,F,Tarija
316,Estudiante_316,2022-01-15,M,Tarija
317,Estudiante_317,2022-01-15,F,Tarija
318,Estudiante_318,2022-01-15,M,Tarija
319,Estudiante_319,2022-01-15,F,Tarija
320,Estudiante_320,2022-01-15,M,Tarija
321,Estudiante_321,2022-01-15,F,Tarija
322,Estudiante_322,2022-01-15,M,Tarija
323,Estudiante_323,2022-01-15,F,Tarija
324,Estudiante_324,2022-01-15,M,Tarija
325,Estudiante_325,2022-01-15,F,Tarija
326,Estudiante_326,2022-01-15,M,Tarija
327,Estudiante_327,2022-01-15,F,Tarija
328,Estudiante_328,2022-01-15,M,Tarija
329,Estudiante_329,2022-01-15,F,Tarija
330,Estudiante_330,2022-01-15,M,Tarija
331,Estudiante_331,2022-01-15,F,Tarija
332,Estudiante_332,2022-01-15,M,Tarija
333,Estudiante_333,2022-01-15,F,Tarija
334,Estudiante_334,2022-01-15,M,Tarija
335,Estudiante_335,2022-01-15,F,Tarija
336,Estudiante_336,2022-01-15,M,Tarija
337,Estudiante_337,2022-01-15,F,Tarija
338,Estudiante_338,2022-01-15,M,Tarija
339,Estudiante_339,2022-01-15,F,Tarija
340,Estudiante_340,2022-01-15,M,Tarija
341,Estudiante_341,2022-01-15,F,Tarija
342,Estudiante_342,2022-01-15,M,Tarija
343,Estudiante_343,2022-01-15,F,Tarija
344,Estudiante_344,2022-01-15,M,Tarija
345,Estudiante_345,2022-01-15,F,Tarija
346,Estudiante_346,2022-01-15,M,Tarija
347,Estudiante_347,2022-01-15,F,Tarija
348,Estudiante_348,2022-01-15,M,Tarija
349,Estudiante_349,2022-01-15,F,Tarija
350,Estudiante_350,2022-01-15,M,Tarija
351,Estudiante_351,2022-01-15,F,Tarija
352,Estudiante_352,2022-01-15,M,Tarija
353,Estudiante_353,2022-01-15,F,Tarija
354,Estudiante_354,2022-01-15,M,Tarija
355,Estudiante_355,2022-01-15,F,Tarija
356,Estudiante_356,2022-01-15,M,Tarija
357,Estudiante_357,2022-01-15,F,Tarija
358,Estudiante_358,2022-01-15,M,Tarija
359,Estudiante_359,2022-01-15,F,Tarija
360,Estudiante_360,2022-01-15,M,Tarija
361,Estudiante_361,2022-01-15,F,Tarija
362,Estudiante_362,2022-01-15,M,Tarija
363,Estudiante_363,2022-01-15,F,Tarija
364,Estudiante_364,2022-01-15,M,Tarija
365,Estudiante_365,2022-01-15,F,Tarija
366,Estudiante_366,2022-01-15,M,Tarija
367,Estudiante_367,2022-01-15,F,Tarija
368,Estudiante_368,2022-01-15,M,Tarija
369,Estudiante_369,2022-01-15,F,Tarija
370,Estudiante_370,2022-01-15,M,Tarija
371,Estudiante_371,2022-01-15,F,Tarija
372,Estudiante_372,2022-01-15,M,Tarija
373,Estudiante_373,2022-01-15,F,Tarija
374,Estudiante_374,2022-01-15,M,Tarija
375,Estudiante_375,2022-01-15,F,Tarija
376,Estudiante_376,2022-01-15,M,Tarija
377,Estudiante_377,2022-01-15,F,Tarija
378,Estudiante_378,2022-01-15,M,Tarija
379,Estudiante_379,2022-01-15,F,Tarija
380,Estudiante_380,2022-01-15,M,Tarija
381,Estudiante_381,2022-01-15,F,Tarija
382,Estudiante_382,2022-01-15,M,Tarija
383,Estudiante_383,2022-01-15,F,Tarija
384,Estudiante_384,2022-01-15,M,Tarija
385,Estudiante_385,2022-01-15,F,Tarija
386,Estudiante_386,2022-01-15,M,Tarija
387,Estudiante_387,2022-01-15,F,Tarija
388,Estudiante_388,2022-01-15,M,Tarija
389,Estudiante_389,2022-01-15,F,Tarija
390,Estudiante_390,2022-01-15,M,Tarija
391,Estudiante_391,2022-01-15,F,Tarija
392,Estudiante_392,2022-01-15,M,Tarija
393,Estudiante_393,2022-01-15,F,Tarija
394,Estudiante_394,2022-01-15,M,Tarija
395,Estudiante_395,2022-01-15,F,Tarija
396,Estudiante_396,2022-01-15,M,Tarija
397,Estudiante_397,2022-01-15,F,Tarija
398,Estudiante_398,2022-01-15,M,Tarija
399,Estudiante_399,2022-01-15,F,Tarija
400,Estudiante_400,2022-01-15,M,Tarija
401,Estudiante_401,2022-01-15,F,Tarija
402,Estudiante_402,2022-01-15,M,Tarija
403,Estudiante_403,2022-01-15,F,Tarija
404,Estudiante_404,2022-01-15,M,Tarija
405,Estudiante_405,2022-01-15,F,Tarija
406,Estudiante_406,2022-01-15,M,Tarija
407,Estudiante_407,2022-01-15,F,Tarija
408,Estudiante_408,2022-01-15,M,Tarija
409,Estudiante_409,2022-01-15,F,Tarija
410,Estudiante_410,2022-01-15,M,Tarija
411,Estudiante_411,2022-01-15,F,Tarija
412,Estudiante_412,2022-01-15,M,Tarija
413,Estudiante_413,2022-01-15,F,Tarija
414,Estudiante_414,2022-01-15,M,Tarija
415,Estudiante_415,2022-01-15,F,Tarija
416,Estudiante_416,2022-01-15,M,Tarija
417,Estudiante_417,2022-01-15,F,Tarija
418,Estudiante_418,2022-01-15,M,Tarija
419,Estudiante_419,2022-01-15,F,Tarija
420,Estudiante_420,2022-01-15,M,Tarija
421,Estudiante_421,2022-01-15,F,Tarija
422,Estudiante_422,2022-01-15,M,Tarija
423,Estudiante_423,2022-01-15,F,Tarija
424,Estudiante_424,2022-01-15,M,Tarija
425,Estudiante_425,2022-01-15,F,Tarija
426,Estudiante_426,2022-01-15,M,Tarija
427,Estudiante_427,2022-01-15,F,Tarija
428,Estudiante_428,2022-01-15,M,Tarija
429,Estudiante_429,2022-01-15,F,Tarija
430,Estudiante_430,2022-01-15,M,Tarija
431,Estudiante_431,2022-01-15,F,Tarija
432,Estudiante_432,2022-01-15,M,Tarija
433,Estudiante_433,2022-01-15,F,Tarija
434,Estudiante_434,2022-01-15,M,Tarija
435,Estudiante_435,2022-01-15,F,Tarija
436,Estudiante_436,2022-01-15,M,Tarija
437,Estudiante_437,2022-01-15,F,Tarija
438,Estudiante_438,2022-01-15,M,Tarija
439,Estudiante_439,2022-01-15,F,Tarija
440,Estudiante_440,2022-01-15,M,Tarija
441,Estudiante_441,2022-01-15,F,Tarija
442,Estudiante_442,2022-01-15,M,Tarija
443,Estudiante_443,2022-01-15,F,Tarija
444,Estudiante_444,2022-01-15,M,Tarija
445,Estudiante_445,2022-01-15,F,Tarija
446,Estudiante_446,2022-01-15,M,Tarija
447,Estudiante_447,2022-01-15,F,Tarija
448,Estudiante_448,2022-01-15,M,Tarija
449,Estudiante_449,2022-01-15,F,Tarija
450,Estudiante_450,2022-01-15,M,Tarija
451,Estudiante_451,2022-01-15,F,Tarija
452,Estudiante_452,2022-01-15,M,Tarija
453,Estudiante_453,2022-01-15,F,Tarija
454,Estudiante_454,2022-01-15,M,Tarija
455,Estudiante_455,2022-01-15,F,Tarija
456,Estudiante_456,2022-01-15,M,Tarija
457,Estudiante_457,2022-01-15,F,Tarija
458,Estudiante_458,2022-01-15,M,Tarija
459,Estudiante_459,2022-01-15,F,Tarija
460,Estudiante_460,2022-01-15,M,Tarija
461,Estudiante_461,2022-01-15,F,Tarija
462,Estudiante_462,2022-01-15,M,Tarija
463,Estudiante_463,2022-01-15,F,Tarija
464,Estudiante_464,2022-01-15,M,Tarija
465,Estudiante_465,2022-01-15,F,Tarija
466,Estudiante_466,2022-01-15,M,Tarija
467,Estudiante_467,2022-01-15,F,Tarija
468,Estudiante_468,2022-01-15,M,Tarija
469,Estudiante_469,2022-01-15,F,Tarija
470,Estudiante_470,2022-01-15,M,Tarija
471,Estudiante_471,2022-01-15,F,Tarija
472,Estudiante_472,2022-01-15,M,Tarija
473,Estudiante_473,2022-01-15,F,Tarija
474,Estudiante_474,2022-01-15,M,Tarija
475,Estudiante_475,2022-01-15,F,Tarija
476,Estudiante_476,2022-01-15,M,Tarija
477,Estudiante_477,2022-01-15,F,Tarija
478,Estudiante_478,2022-01-15,M,Tarija
479,Estudiante_479,2022-01-15,F,Tarija
480,Estudiante_480,2022-01-15,M,Tarija
481,Estudiante_481,2022-01-15,F,Tarija
482,Estudiante_482,2022-01-15,M,Tarija
483,Estudiante_483,2022-01-15,F,Tarija
484,Estudiante_484,2022-01-15,M,Tarija
485,Estudiante_485,2022-01-15,F,Tarija
486,Estudiante_486,2022-01-15,M,Tarija
487,Estudiante_487,2022-01-15,F,Tarija
488,Estudiante_488,2022-01-15,M,Tarija
489,Estudiante_489,2022-01-15,F,Tarija
490,Estudiante_490,2022-01-15,M,Tarija
491,Estudiante_491,2022-01-15,F,Tarija
492,Estudiante_492,2022-01-15,M,Tarija
493,Estudiante_493,2022-01-15,F,Tarija
494,Estudiante_494,2022-01-15,M,Tarija
495,Estudiante_495,2022-01-15,F,Tarija
496,Estudiante_496,2022-01-15,M,Tarija
497,Estudiante_497,2022-01-15,F,Tarija
498,Estudiante_498,2022-01-15,M,Tarija
499,Estudiante_499,2022-01-15,F,Tarija
500,Estudiante_500,2022-01-15,M,Tarija
501,Estudiante_501,2022-01-15,F,Tarija
502,Estudiante_502,2022-01-15,M,Tarija
503,Estudiante_503,2022-01-15,F,Tarija
504,Estudiante_504,2022-01-15,M,Tarija
505,Estudiante_505,2022-01-15,F,Tarija
506,Estudiante_506,2022-01-15,M,Tarija
507,Estudiante_507,2022-01-15,F,Tarija
508,Estudiante_508,2022-01-15,M,Tarija
509,Estudiante_509,2022-01-15,F,Tarija
510,Estudiante_510,2022-01-15,M,Tarija
511,Estudiante_511,2022-01-15,F,Tarija
512,Estudiante_512,2022-01-15,M,Tarija
513,Estudiante_513,2022-01-15,F,Tarija
514,Estudiante_514,2022-01-15,M,Tarija
515,Estudiante_515,2022-01-15,F,Tarija
516,Estudiante_516,2022-01-15,M,Tarija
517,Estudiante_517,2022-01-15,F,Tarija
518,Estudiante_518,2022-01-15,M,Tarija
519,Estudiante_519,2022-01-15,F,Tarija
520,Estudiante_520,2022-01-15,M,Tarija
521,Estudiante_521,2022-01-15,F,Tarija
522,Estudiante_522,2022-01-15,M,Tarija
523,Estudiante_523,2022-01-15,F,Tarija
524,Estudiante_524,2022-01-15,M,Tarija
525,Estudiante_525,2022-01-15,F,Tarija
526,Estudiante_526,2022-01-15,M,Tarija
527,Estudiante_527,2022-01-15,F,Tarija
528,Estudiante_528,2022-01-15,M,Tarija
529,Estudiante_529,2022-01-15,F,Tarija
530,Estudiante_530,2022-01-15,M,Tarija
531,Estudiante_531,2022-01-15,F,Tarija
532,Estudiante_532,2022-01-15,M,Tarija
533,Estudiante_533,2022-01-15,F,Tarija
534,Estudiante_534,2022-01-15,M,Tarija
535,Estudiante_535,2022-01-15,F,Tarija
536,Estudiante_536,2022-01-15,M,Tarija
537,Estudiante_537,2022-01-15,F,Tarija
538,Estudiante_538,2022-01-15,M,Tarija
539,Estudiante_539,2022-01-15,F,Tarija
540,Estudiante_540,2022-01-15,M,Tarija
541,Estudiante_541,2022-01-15,F,Tarija
542,Estudiante_542,2022-01-15,M,Tarija
543,Estudiante_543,2022-01-15,F,Tarija
544,Estudiante_544,2022-01-15,M,Tarija
545,Estudiante_545,2022-01-15,F,Tarija
546,Estudiante_546,2022-01-15,M,Tarija
547,Estudiante_547,2022-01-15,F,Tarija
548,Estudiante_548,2022-01-15,M,Tarija
549,Estudiante_549,2022-01-15,F,Tarija
550,Estudiante_550,2022-01-15,M,Tarija
551,Estudiante_551,2022-01-15,F,Tarija
552,Estudiante_552,2022-01-15,M,Tarija
553,Estudiante_553,2022-01-15,F,Tarija
554,Estudiante_554,2022-01-15,M,Tarija
555,Estudiante_555,2022-01-15,F,Tarija
556,Estudiante_556,2022-01-15,M,Tarija
557,Estudiante_557,2022-01-15,F,Tarija
558,Estudiante_558,2022-01-15,M,Tarija
559,Estudiante_559,2022-01-15,F,Tarija
560,Estudiante_560,2022-01-15,M,Tarija
561,Estudiante_561,2022-01-15,F,Tarija
562,Estudiante_562,2022-01-15,M,Tarija
563,Estudiante_563,2022-01-15,F,Tarija
564,Estudiante_564,2022-01-15,M,Tarija
565,Estudiante_565,2022-01-15,F,Tarija
566,Estudiante_566,2022-01-15,M,Tarija
567,Estudiante_567,2022-01-15,F,Tarija
568,Estudiante_568,2022-01-15,M,Tarija
569,Estudiante_569,2022-01-15,F,Tarija
570,Estudiante_570,2022-01-15,M,Tarija
571,Estudiante_571,2022-01-15,F,Tarija
572,Estudiante_572,2022-01-15,M,Tarija
573,Estudiante_573,2022-01-15,F,Tarija
574,Estudiante_574,2022-01-15,M,Tarija
575,Estudiante_575,2022-01-15,F,Tarija
576,Estudiante_576,2022-01-15,M,Tarija
577,Estudiante_577,2022-01-15,F,Tarija
578,Estudiante_578,2022-01-15,M,Tarija
579,Estudiante_579,2022-01-15,F,Tarija
580,Estudiante_580,2022-01-15,M,Tarija
581,Estudiante_581,2022-01-15,F,Tarija
582,Estudiante_582,2022-01-15,M,Tarija
583,Estudiante_583,2022-01-15,F,Tarija
584,Estudiante_584,2022-01-15,M,Tarija
585,Estudiante_585,2022-01-15,F,Tarija
586,Estudiante_586,2022-01-15,M,Tarija
587,Estudiante_587,2022-01-15,F,Tarija
588,Estudiante_588,2022-01-15,M,Tarija
589,Estudiante_589,2022-01-15,F,Tarija
590,Estudiante_590,2022-01-15,M,Tarija
591,Estudiante_591,2022-01-15,F,Tarija
592,Estudiante_592,2022-01-15,M,Tarija
593,Estudiante_593,2022-01-15,F,Tarija
594,Estudiante_594,2022-01-15,M,Tarija
595,Estudiante_595,2022-01-15,F,Tarija
596,Estudiante_596,2022-01-15,M,Tarija
597,Estudiante_597,2022-01-15,F,Tarija
598,Estudiante_598,2022-01-15,M,Tarija
599,Estudiante_599,2022-01-15,F,Tarija
600,Estudiante_600,2022-01-15,M,Tarija
601,Estudiante_601,2022-01-15,F,Tarija
602,Estudiante_602,2022-01-15,M,Tarija
603,Estudiante_603,2022-01-15,F,Tarija
604,Estudiante_604,2022-01-15,M,Tarija
605,Estudiante_605,2022-01-15,F,Tarija
606,Estudiante_606,2022-01-15,M,Tarija
607,Estudiante_607,2022-01-15,F,Tarija
608,Estudiante_608,2022-01-15,M,Tarija
609,Estudiante_609,2022-01-15,F,Tarija
610,Estudiante_610,2022-01-15,M,Tarija
611,Estudiante_611,2022-01-15,F,Tarija
612,Estudiante_612,2022-01-15,M,Tarija
613,Estudiante_613,2022-01-15,F,Tarija
614,Estudiante_614,2022-01-15,M,Tarija
615,Estudiante_615,2022-01-15,F,Tarija
616,Estudiante_616,2022-01-15,M,Tarija
617,Estudiante_617,2022-01-15,F,Tarija
618,Estudiante_618,2022-01-15,M,Tarija
619,Estudiante_619,2022-01-15,F,Tarija
620,Estudiante_620,2022-01-15,M,Tarija
621,Estudiante_621,2022-01-15,F,Tarija
622,Estudiante_622,2022-01-15,M,Tarija
623,Estudiante_623,2022-01-15,F,Tarija
624,Estudiante_624,2022-01-15,M,Tarija
625,Estudiante_625,2022-01-15,F,Tarija
626,Estudiante_626,2022-01-15,M,Tarija
627,Estudiante_627,2022-01-15,F,Tarija
628,Estudiante_628,2022-01-15,M,Tarija
629,Estudiante_629,2022-01-15,F,Tarija
630,Estudiante_630,2022-01-15,M,Tarija
631,Estudiante_631,2022-01-15,F,Tarija
632,Estudiante_632,2022-01-15,M,Tarija
633,Estudiante_633,2022-01-15,F,Tarija
634,Estudiante_634,2022-01-15,M,Tarija
635,Estudiante_635,2022-01-15,F,Tarija
636,Estudiante_636,2022-01-15,M,Tarija
637,Estudiante_637,2022-01-15,F,Tarija
638,Estudiante_638,2022-01-15,M,Tarija
639,Estudiante_639,2022-01-15,F,Tarija
640,Estudiante_640,2022-01-15,M,Tarija
641,Estudiante_641,2022-01-15,F,Tarija
642,Estudiante_642,2022-01-15,M,Tarija
643,Estudiante_643,2022-01-15,F,Tarija
644,Estudiante_644,2022-01-15,M,Tarija
645,Estudiante_645,2022-01-15,F,Tarija
646,Estudiante_646,2022-01-15,M,Tarija
647,Estudiante_647,2022-01-15,F,Tarija
648,Estudiante_648,2022-01-15,M,Tarija
649,Estudiante_649,2022-01-15,F,Tarija
650,Estudiante_650,2022-01-15,M,Tarija
651,Estudiante_651,2022-01-15,F,Tarija
652,Estudiante_652,2022-01-15,M,Tarija
653,Estudiante_653,2022-01-15,F,Tarija
654,Estudiante_654,2022-01-15,M,Tarija
655,Estudiante_655,2022-01-15,F,Tarija
656,Estudiante_656,2022-01-15,M,Tarija
657,Estudiante_657,2022-01-15,F,Tarija
658,Estudiante_658,2022-01-15,M,Tarija
659,Estudiante_659,2022-01-15,F,Tarija
660,Estudiante_660,2022-01-15,M,Tarija
661,Estudiante_661,2022-01-15,F,Tarija
662,Estudiante_662,2022-01-15,M,Tarija
663,Estudiante_663,2022-01-15,F,Tarija
664,Estudiante_664,2022-01-15,M,Tarija
665,Estudiante_665,2022-01-15,F,Tarija
666,Estudiante_666,2022-01-15,M,Tarija
667,Estudiante_667,2022-01-15,F,Tarija
668,Estudiante_668,2022-01-15,M,Tarija
669,Estudiante_669,2022-01-15,F,Tarija
670,Estudiante_670,2022-01-15,M,Tarija
671,Estudiante_671,2022-01-15,F,Tarija
672,Estudiante_672,2022-01-15,M,Tarija
673,Estudiante_673,2022-01-15,F,Tarija
674,Estudiante_674,2022-01-15,M,Tarija
675,Estudiante_675,2022-01-15,F,Tarija
676,Estudiante_676,2022-01-15,M,Tarija
677,Estudiante_677,2022-01-15,F,Tarija
678,Estudiante_678,2022-01-15,M,Tarija
679,Estudiante_679,2022-01-15,F,Tarija
680,Estudiante_680,2022-01-15,M,Tarija
681,Estudiante_681,2022-01-15,F,Tarija
682,Estudiante_682,2022-01-15,M,Tarija
683,Estudiante_683,2022-01-15,F,Tarija
684,Estudiante_684,2022-01-15,M,Tarija
685,Estudiante_685,2022-01-15,F,Tarija
686,Estudiante_686,2022-01-15,M,Tarija
687,Estudiante_687,2022-01-15,F,Tarija
688,Estudiante_688,2022-01-15,M,Tarija
689,Estudiante_689,2022-01-15,F,Tarija
690,Estudiante_690,2022-01-15,M,Tarija
691,Estudiante_691,2022-01-15,F,Tarija
692,Estudiante_692,2022-01-15,M,Tarija
693,Estudiante_693,2022-01-15,F,Tarija
694,Estudiante_694,2022-01-15,M,Tarija
695,Estudiante_695,2022-01-15,F,Tarija
696,Estudiante_696,2022-01-15,M,Tarija
697,Estudiante_697,2022-01-15,F,Tarija
698,Estudiante_698,2022-01-15,M,Tarija
699,Estudiante_699,2022-01-15,F,Tarija
700,Estudiante_700,2022-01-15,M,Tarija
701,Estudiante_701,2022-01-15,F,Tarija
702,Estudiante_702,2022-01-15,M,Tarija
703,Estudiante_703,2022-01-15,F,Tarija
704,Estudiante_704,2022-01-15,M,Tarija
705,Estudiante_705,2022-01-15,F,Tarija
706,Estudiante_706,2022-01-15,M,Tarija
707,Estudiante_707,2022-01-15,F,Tarija
708,Estudiante_708,2022-01-15,M,Tarija
709,Estudiante_709,2022-01-15,F,Tarija
710,Estudiante_710,2022-01-15,M,Tarija
711,Estudiante_711,2022-01-15,F,Tarija
712,Estudiante_712,2022-01-15,M,Tarija
713,Estudiante_713,2022-01-15,F,Tarija
714,Estudiante_714,2022-01-15,M,Tarija
715,Estudiante_715,2022-01-15,F,Tarija
716,Estudiante_716,2022-01-15,M,Tarija
717,Estudiante_717,2022-01-15,F,Tarija
718,Estudiante_718,2022-01-15,M,Tarija
719,Estudiante_719,2022-01-15,F,Tarija
720,Estudiante_720,2022-01-15,M,Tarija
721,Estudiante_721,2022-01-15,F,Tarija
722,Estudiante_722,2022-01-15,M,Tarija
723,Estudiante_723,2022-01-15,F,Tarija
724,Estudiante_724,2022-01-15,M,Tarija
725,Estudiante_725,2022-01-15,F,Tarija
726,Estudiante_726,2022-01-15,M,Tarija
727,Estudiante_727,2022-01-15,F,Tarija
728,Estudiante_728,2022-01-15,M,Tarija
729,Estudiante_729,2022-01-15,F,Tarija
730,Estudiante_730,2022-01-15,M,Tarija
731,Estudiante_731,2022-01-15,F,Tarija
732,Estudiante_732,2022-01-15,M,Tarija
733,Estudiante_733,2022-01-15,F,Tarija
734,Estudiante_734,2022-01-15,M,Tarija
735,Estudiante_735,2022-01-15,F,Tarija
736,Estudiante_736,2022-01-15,M,Tarija
737,Estudiante_737,2022-01-15,F,Tarija
738,Estudiante_738,2022-01-15,M,Tarija
739,Estudiante_739,2022-01-15,F,Tarija
740,Estudiante_740,2022-01-15,M,Tarija
741,Estudiante_741,2022-01-15,F,Tarija
742,Estudiante_742,2022-01-15,M,Tarija
743,Estudiante_743,2022-01-15,F,Tarija
744,Estudiante_744,2022-01-15,M,Tarija
745,Estudiante_745,2022-01-15,F,Tarija
746,Estudiante_746,2022-01-15,M,Tarija
747,Estudiante_747,2022-01-15,F,Tarija
748,Estudiante_748,2022-01-15,M,Tarija
749,Estudiante_749,2022-01-15,F,Tarija
750,Estudiante_750,2022-01-15,M,Tarija
751,Estudiante_751,2022-01-15,F,Tarija
752,Estudiante_752,2022-01-15,M,Tarija
753,Estudiante_753,2022-01-15,F,Tarija
754,Estudiante_754,2022-01-15,M,Tarija
755,Estudiante_755,2022-01-15,F,Tarija
756,Estudiante_756,2022-01-15,M,Tarija
757,Estudiante_757,2022-01-15,F,Tarija
758,Estudiante_758,2022-01-15,M,Tarija
759,Estudiante_759,2022-01-15,F,Tarija
760,Estudiante_760,2022-01-15,M,Tarija
761,Estudiante_761,2022-01-15,F,Tarija
762,Estudiante_762,2022-01-15,M,Tarija
763,Estudiante_763,2022-01-15,F,Tarija
764,Estudiante_764,2022-01-15,M,Tarija
765,Estudiante_765,2022-01-15,F,Tarija
766,Estudiante_766,2022-01-15,M,Tarija
767,Estudiante_767,2022-01-15,F,Tarija
768,Estudiante_768,2022-01-15,M,Tarija
769,Estudiante_769,2022-01-15,F,Tarija
770,Estudiante_770,2022-01-15,M,Tarija
771,Estudiante_771,2022-01-15,F,Tarija
772,Estudiante_772,2022-01-15,M,Tarija
773,Estudiante_773,2022-01-15,F,Tarija
774,Estudiante_774,2022-01-15,M,Tarija
775,Estudiante_775,2022-01-15,F,Tarija
776,Estudiante_776,2022-01-15,M,Tarija
777,Estudiante_777,2022-01-15,F,Tarija
778,Estudiante_778,2022-01-15,M,Tarija
779,Estudiante_779,2022-01-15,F,Tarija
780,Estudiante_780,2022-01-15,M,Tarija
781,Estudiante_781,2022-01-15,F,Tarija
782,Estudiante_782,2022-01-15,M,Tarija
783,Estudiante_783,2022-01-15,F,Tarija
784,Estudiante_784,2022-01-15,M,Tarija
785,Estudiante_785,2022-01-15,F,Tarija
786,Estudiante_786,2022-01-15,M,Tarija
787,Estudiante_787,2022-01-15,F,Tarija
788,Estudiante_788,2022-01-15,M,Tarija
789,Estudiante_789,2022-01-15,F,Tarija
790,Estudiante_790,2022-01-15,M,Tarija
791,Estudiante_791,2022-01-15,F,Tarija
792,Estudiante_792,2022-01-15,M,Tarija
793,Estudiante_793,2022-01-15,F,Tarija
794,Estudiante_794,2022-01-15,M,Tarija
795,Estudiante_795,2022-01-15,F,Tarija
796,Estudiante_796,2022-01-15,M,Tarija
797,Estudiante_797,2022-01-15,F,Tarija
798,Estudiante_798,2022-01-15,M,Tarija
799,Estudiante_799,2022-01-15,F,Tarija
800,Estudiante_800,2022-01-15,M,Tarija
801,Estudiante_801,2022-01-15,F,Tarija
802,Estudiante_802,2022-01-15,M,Tarija
803,Estudiante_803,2022-01-15,F,Tarija
804,Estudiante_804,2022-01-15,M,Tarija
805,Estudiante_805,2022-01-15,F,Tarija
806,Estudiante_806,2022-01-15,M,Tarija
807,Estudiante_807,2022-01-15,F,Tarija
808,Estudiante_808,2022-01-15,M,Tarija
809,Estudiante_809,2022-01-15,F,Tarija
810,Estudiante_810,2022-01-15,M,Tarija
811,Estudiante_811,2022-01-15,F,Tarija
812,Estudiante_812,2022-01-15,M,Tarija
813,Estudiante_813,2022-01-15,F,Tarija
814,Estudiante_814,2022-01-15,M,Tarija
815,Estudiante_815,2022-01-15,F,Tarija
816,Estudiante_816,2022-01-15,M,Tarija
817,Estudiante_817,2022-01-15,F,Tarija
818,Estudiante_818,2022-01-15,M,Tarija
819,Estudiante_819,2022-01-15,F,Tarija
820,Estudiante_820,2022-01-15,M,Tarija
821,Estudiante_821,2022-01-15,F,Tarija
822,Estudiante_822,2022-01-15,M,Tarija
823,Estudiante_823,2022-01-15,F,Tarija
824,Estudiante_824,2022-01-15,M,Tarija
825,Estudiante_825,2022-01-15,F,Tarija
826,Estudiante_826,2022-01-15,M,Tarija
827,Estudiante_827,2022-01-15,F,Tarija
828,Estudiante_828,2022-01-15,M,Tarija
829,Estudiante_829,2022-01-15,F,Tarija
830,Estudiante_830,2022-01-15,M,Tarija
831,Estudiante_831,2022-01-15,F,Tarija
832,Estudiante_832,2022-01-15,M,Tarija
833,Estudiante_833,2022-01-15,F,Tarija
834,Estudiante_834,2022-01-15,M,Tarija
835,Estudiante_835,2022-01-15,F,Tarija
836,Estudiante_836,2022-01-15,M,Tarija
837,Estudiante_837,2022-01-15,F,Tarija
838,Estudiante_838,2022-01-15,M,Tarija
839,Estudiante_839,2022-01-15,F,Tarija
840,Estudiante_840,2022-01-15,M,Tarija
841,Estudiante_841,2022-01-15,F,Tarija
842,Estudiante_842,2022-01-15,M,Tarija
843,Estudiante_843,2022-01-15,F,Tarija
844,Estudiante_844,2022-01-15,M,Tarija
845,Estudiante_845,2022-01-15,F,Tarija
846,Estudiante_846,2022-01-15,M,Tarija
847,Estudiante_847,2022-01-15,F,Tarija
848,Estudiante_848,2022-01-15,M,Tarija
849,Estudiante_849,2022-01-15,F,Tarija
850,Estudiante_850,2022-01-15,M,Tarija
851,Estudiante_851,2022-01-15,F,Tarija
852,Estudiante_852,2022-01-15,M,Tarija
853,Estudiante_853,2022-01-15,F,Tarija
854,Estudiante_854,2022-01-15,M,Tarija
855,Estudiante_855,2022-01-15,F,Tarija
856,Estudiante_856,2022-01-15,M,Tarija
857,Estudiante_857,2022-01-15,F,Tarija
858,Estudiante_858,2022-01-15,M,Tarija
859,Estudiante_859,2022-01-15,F,Tarija
860,Estudiante_860,2022-01-15,M,Tarija
861,Estudiante_861,2022-01-15,F,Tarija
862,Estudiante_862,2022-01-15,M,Tarija
863,Estudiante_863,2022-01-15,F,Tarija
864,Estudiante_864,2022-01-15,M,Tarija
865,Estudiante_865,2022-01-15,F,Tarija
866,Estudiante_866,2022-01-15,M,Tarija
867,Estudiante_867,2022-01-15,F,Tarija
868,Estudiante_868,2022-01-15,M,Tarija
869,Estudiante_869,2022-01-15,F,Tarija
870,Estudiante_870,2022-01-15,M,Tarija
871,Estudiante_871,2022-01-15,F,Tarija
872,Estudiante_872,2022-01-15,M,Tarija
873,Estudiante_873,2022-01-15,F,Tarija
874,Estudiante_874,2022-01-15,M,Tarija
875,Estudiante_875,2022-01-15,F,Tarija
876,Estudiante_876,2022-01-15,M,Tarija
877,Estudiante_877,2022-01-15,F,Tarija
878,Estudiante_878,2022-01-15,M,Tarija
879,Estudiante_879,2022-01-15,F,Tarija
880,Estudiante_880,2022-01-15,M,Tarija
881,Estudiante_881,2022-01-15,F,Tarija
882,Estudiante_882,2022-01-15,M,Tarija
883,Estudiante_883,2022-01-15,F,Tarija
884,Estudiante_884,2022-01-15,M,Tarija
885,Estudiante_885,2022-01-15,F,Tarija
886,Estudiante_886,2022-01-15,M,Tarija
887,Estudiante_887,2022-01-15,F,Tarija
888,Estudiante_888,2022-01-15,M,Tarija
889,Estudiante_889,2022-01-15,F,Tarija
890,Estudiante_890,2022-01-15,M,Tarija
891,Estudiante_891,2022-01-15,F,Tarija
892,Estudiante_892,2022-01-15,M,Tarija
893,Estudiante_893,2022-01-15,F,Tarija
894,Estudiante_894,2022-01-15,M,Tarija
895,Estudiante_895,2022-01-15,F,Tarija
896,Estudiante_896,2022-01-15,M,Tarija
897,Estudiante_897,2022-01-15,F,Tarija
898,Estudiante_898,2022-01-15,M,Tarija
899,Estudiante_899,2022-01-15,F,Tarija
900,Estudiante_900,2022-01-15,M,Tarija
901,Estudiante_901,2022-01-15,F,Tarija
902,Estudiante_902,2022-01-15,M,Tarija
903,Estudiante_903,2022-01-15,F,Tarija
904,Estudiante_904,2022-01-15,M,Tarija
905,Estudiante_905,2022-01-15,F,Tarija
906,Estudiante_906,2022-01-15,M,Tarija
907,Estudiante_907,2022-01-15,F,Tarija
908,Estudiante_908,2022-01-15,M,Tarija
909,Estudiante_909,2022-01-15,F,Tarija
910,Estudiante_910,2022-01-15,M,Tarija
911,Estudiante_911,2022-01-15,F,Tarija
912,Estudiante_912,2022-01-15,M,Tarija
913,Estudiante_913,2022-01-15,F,Tarija
914,Estudiante_914,2022-01-15,M,Tarija
915,Estudiante_915,2022-01-15,F,Tarija
916,Estudiante_916,2022-01-15,M,Tarija
917,Estudiante_917,2022-01-15,F,Tarija
918,Estudiante_918,2022-01-15,M,Tarija
919,Estudiante_919,2022-01-15,F,Tarija
920,Estudiante_920,2022-01-15,M,Tarija
921,Estudiante_921,2022-01-15,F,Tarija
922,Estudiante_922,2022-01-15,M,Tarija
923,Estudiante_923,2022-01-15,F,Tarija
924,Estudiante_924,2022-01-15,M,Tarija
925,Estudiante_925,2022-01-15,F,Tarija
926,Estudiante_926,2022-01-15,M,Tarija
927,Estudiante_927,2022-01-15,F,Tarija
928,Estudiante_928,2022-01-15,M,Tarija
929,Estudiante_929,2022-01-15,F,Tarija
930,Estudiante_930,2022-01-15,M,Tarija
931,Estudiante_931,2022-01-15,F,Tarija
932,Estudiante_932,2022-01-15,M,Tarija
933,Estudiante_933,2022-01-15,F,Tarija
934,Estudiante_934,2022-01-15,M,Tarija
935,Estudiante_935,2022-01-15,F,Tarija
936,Estudiante_936,2022-01-15,M,Tarija
937,Estudiante_937,2022-01-15,F,Tarija
938,Estudiante_938,2022-01-15,M,Tarija
939,Estudiante_939,2022-01-15,F,Tarija
940,Estudiante_940,2022-01-15,M,Tarija
941,Estudiante_941,2022-01-15,F,Tarija
942,Estudiante_942,2022-01-15,M,Tarija
943,Estudiante_943,2022-01-15,F,Tarija
944,Estudiante_944,2022-01-15,M,Tarija
945,Estudiante_945,2022-01-15,F,Tarija
946,Estudiante_946,2022-01-15,M,Tarija
947,Estudiante_947,2022-01-15,F,Tarija
948,Estudiante_948,2022-01-15,M,Tarija
949,Estudiante_949,2022-01-15,F,Tarija
950,Estudiante_950,2022-01-15,M,Tarija
951,Estudiante_951,2022-01-15,F,Tarija
952,Estudiante_952,2022-01-15,M,Tarija
953,Estudiante_953,2022-01-15,F,Tarija
954,Estudiante_954,2022-01-15,M,Tarija
955,Estudiante_955,2022-01-15,F,Tarija
956,Estudiante_956,2022-01-15,M,Tarija
957,Estudiante_957,2022-01-15,F,Tarija
958,Estudiante_958,2022-01-15,M,Tarija
959,Estudiante_959,2022-01-15,F,Tarija
960,Estudiante_960,2022-01-15,M,Tarija
961,Estudiante_961,2022-01-15,F,Tarija
962,Estudiante_962,2022-01-15,M,Tarija
963,Estudiante_963,2022-01-15,F,Tarija
964,Estudiante_964,2022-01-15,M,Tarija
965,Estudiante_965,2022-01-15,F,Tarija
966,Estudiante_966,2022-01-15,M,Tarija
967,Estudiante_967,2022-01-15,F,Tarija
968,Estudiante_968,2022-01-15,M,Tarija
969,Estudiante_969,2022-01-15,F,Tarija
970,Estudiante_970,2022-01-15,M,Tarija
971,Estudiante_971,2022-01-15,F,Tarija
972,Estudiante_972,2022-01-15,M,Tarija
973,Estudiante_973,2022-01-15,F,Tarija
974,Estudiante_974,2022-01-15,M,Tarija
975,Estudiante_975,2022-01-15,F,Tarija
976,Estudiante_976,2022-01-15,M,Tarija
977,Estudiante_977,2022-01-15,F,Tarija
978,Estudiante_978,2022-01-15,M,Tarija
979,Estudiante_979,2022-01-15,F,Tarija
980,Estudiante_980,2022-01-15,M,Tarija
981,Estudiante_981,2022-01-15,F,Tarija
982,Estudiante_982,2022-01-15,M,Tarija
983,Estudiante_983,2022-01-15,F,Tarija
984,Estudiante_984,2022-01-15,M,Tarija
985,Estudiante_985,2022-01-15,F,Tarija
986,Estudiante_986,2022-01-15,M,Tarija
987,Estudiante_987,2022-01-15,F,Tarija
988,Estudiante_988,2022-01-15,M,Tarija
989,Estudiante_989,2022-01-15,F,Tarija
990,Estudiante_990,2022-01-15,M,Tarija
991,Estudiante_991,2022-01-15,F,Tarija
992,Estudiante_992,2022-01-15,M,Tarija
993,Estudiante_993,2022-01-15,F,Tarija
994,Estudiante_994,2022-01-15,M,Tarija
995,Estudiante_995,2022-01-15,F,Tarija
996,Estudiante_996,2022-01-15,M,Tarija
997,Estudiante_997,2022-01-15,F,Tarija
998,Estudiante_998,2022-01-15,M,Tarija
999,Estudiante_999,2022-01-15,F,Tarija
1000,Estudiante_1000,2022-01-15,M,Tarija
